[{"inputs":[{"internalType":"contract IUnicryptAdmin","name":"_uncxAdmins","type":"address"}],"stateMutability":"nonpayable","type":"constructor"},{"anonymous":false,"inputs":[{"indexed":true,"internalType":"address","name":"previousOwner","type":"address"},{"indexed":true,"internalType":"address","name":"newOwner","type":"address"}],"name":"OwnershipTransferred","type":"event"},{"anonymous":false,"inputs":[{"indexed":false,"internalType":"uint256","name":"lockID","type":"uint256"},{"indexed":false,"internalType":"address","name":"token","type":"address"},{"indexed":false,"internalType":"address","name":"owner","type":"address"},{"indexed":false,"internalType":"uint256","name":"amountInTokens","type":"uint256"},{"indexed":false,"internalType":"uint256","name":"startEmission","type":"uint256"},{"indexed":false,"internalType":"uint256","name":"endEmission","type":"uint256"}],"name":"onLock","type":"event"},{"anonymous":false,"inputs":[{"indexed":false,"internalType":"uint256","name":"lockID","type":"uint256"},{"indexed":false,"internalType":"uint256","name":"amountInTokens","type":"uint256"}],"name":"onMigrate","type":"event"},{"anonymous":false,"inputs":[{"indexed":false,"internalType":"uint256","name":"lockID","type":"uint256"},{"indexed":false,"internalType":"uint256","name":"unlockDate","type":"uint256"}],"name":"onRelock","type":"event"},{"anonymous":false,"inputs":[{"indexed":false,"internalType":"uint256","name":"fromLockID","type":"uint256"},{"indexed":false,"internalType":"uint256","name":"toLockID","type":"uint256"},{"indexed":false,"internalType":"uint256","name":"amountInTokens","type":"uint256"}],"name":"onSplitLock","type":"event"},{"anonymous":false,"inputs":[{"indexed":false,"internalType":"uint256","name":"lockIDFrom","type":"uint256"},{"indexed":false,"internalType":"uint256","name":"lockIDto","type":"uint256"},{"indexed":false,"internalType":"address","name":"oldOwner","type":"address"},{"indexed":false,"internalType":"address","name":"newOwner","type":"address"}],"name":"onTransferLock","type":"event"},{"anonymous":false,"inputs":[{"indexed":false,"internalType":"address","name":"lpToken","type":"address"},{"indexed":false,"internalType":"uint256","name":"amountInTokens","type":"uint256"}],"name":"onWithdraw","type":"event"},{"inputs":[],"name":"BLACKLIST","outputs":[{"internalType":"contract ITokenBlacklist","name":"","type":"address"}],"stateMutability":"view","type":"function"},{"inputs":[],"name":"FEES","outputs":[{"internalType":"uint256","name":"tokenFee","type":"uint256"},{"internalType":"uint256","name":"freeLockingFee","type":"uint256"},{"internalType":"address payable","name":"feeAddress","type":"address"},{"internalType":"address","name":"freeLockingToken","type":"address"}],"stateMutability":"view","type":"function"},{"inputs":[{"internalType":"uint256","name":"","type":"uint256"}],"name":"LOCKS","outputs":[{"internalType":"address","name":"tokenAddress","type":"address"},{"internalType":"uint256","name":"sharesDeposited","type":"uint256"},{"internalType":"uint256","name":"sharesWithdrawn","type":"uint256"},{"internalType":"uint256","name":"startEmission","type":"uint256"},{"internalType":"uint256","name":"endEmission","type":"uint256"},{"internalType":"uint256","name":"lockID","type":"uint256"},{"internalType":"address","name":"owner","type":"address"},{"internalType":"address","name":"condition","type":"address"}],"stateMutability":"view","type":"function"},{"inputs":[],"name":"MIGRATOR","outputs":[{"internalType":"contract IMigrator","name":"","type":"address"}],"stateMutability":"view","type":"function"},{"inputs":[],"name":"MINIMUM_DEPOSIT","outputs":[{"internalType":"uint256","name":"","type":"uint256"}],"stateMutability":"view","type":"function"},{"inputs":[],"name":"NONCE","outputs":[{"internalType":"uint256","name":"","type":"uint256"}],"stateMutability":"view","type":"function"},{"inputs":[{"internalType":"address","name":"","type":"address"}],"name":"SHARES","outputs":[{"internalType":"uint256","name":"","type":"uint256"}],"stateMutability":"view","type":"function"},{"inputs":[{"internalType":"address","name":"_user","type":"address"},{"internalType":"bool","name":"_add","type":"bool"}],"name":"adminSetWhitelister","outputs":[],"stateMutability":"nonpayable","type":"function"},{"inputs":[{"internalType":"address","name":"_token","type":"address"},{"internalType":"uint256","name":"_shares","type":"uint256"}],"name":"convertSharesToTokens","outputs":[{"internalType":"uint256","name":"","type":"uint256"}],"stateMutability":"view","type":"function"},{"inputs":[{"internalType":"address","name":"_token","type":"address"},{"internalType":"uint256","name":"_tokens","type":"uint256"}],"name":"convertTokensToShares","outputs":[{"internalType":"uint256","name":"","type":"uint256"}],"stateMutability":"view","type":"function"},{"inputs":[{"internalType":"address","name":"_token","type":"address"},{"internalType":"bool","name":"_add","type":"bool"}],"name":"editZeroFeeWhitelist","outputs":[],"stateMutability":"nonpayable","type":"function"},{"inputs":[{"internalType":"uint256","name":"_lockID","type":"uint256"}],"name":"getLock","outputs":[{"internalType":"uint256","name":"","type":"uint256"},{"internalType":"address","name":"","type":"address"},{"internalType":"uint256","name":"","type":"uint256"},{"internalType":"uint256","name":"","type":"uint256"},{"internalType":"uint256","name":"","type":"uint256"},{"internalType":"uint256","name":"","type":"uint256"},{"internalType":"uint256","name":"","type":"uint256"},{"internalType":"uint256","name":"","type":"uint256"},{"internalType":"address","name":"","type":"address"},{"internalType":"address","name":"","type":"address"}],"stateMutability":"view","type":"function"},{"inputs":[],"name":"getNumLockedTokens","outputs":[{"internalType":"uint256","name":"","type":"uint256"}],"stateMutability":"view","type":"function"},{"inputs":[{"internalType":"uint256","name":"_index","type":"uint256"}],"name":"getTokenAtIndex","outputs":[{"internalType":"address","name":"","type":"address"}],"stateMutability":"view","type":"function"},{"inputs":[{"internalType":"address","name":"_token","type":"address"},{"internalType":"uint256","name":"_index","type":"uint256"}],"name":"getTokenLockIDAtIndex","outputs":[{"internalType":"uint256","name":"","type":"uint256"}],"stateMutability":"view","type":"function"},{"inputs":[{"internalType":"address","name":"_token","type":"address"}],"name":"getTokenLocksLength","outputs":[{"internalType":"uint256","name":"","type":"uint256"}],"stateMutability":"view","type":"function"},{"inputs":[{"internalType":"uint256","name":"_index","type":"uint256"}],"name":"getTokenWhitelisterAtIndex","outputs":[{"internalType":"address","name":"","type":"address"}],"stateMutability":"view","type":"function"},{"inputs":[],"name":"getTokenWhitelisterLength","outputs":[{"internalType":"uint256","name":"","type":"uint256"}],"stateMutability":"view","type":"function"},{"inputs":[{"internalType":"address","name":"_user","type":"address"}],"name":"getTokenWhitelisterStatus","outputs":[{"internalType":"bool","name":"","type":"bool"}],"stateMutability":"view","type":"function"},{"inputs":[{"internalType":"address","name":"_user","type":"address"},{"internalType":"address","name":"_token","type":"address"},{"internalType":"uint256","name":"_index","type":"uint256"}],"name":"getUserLockIDForTokenAtIndex","outputs":[{"internalType":"uint256","name":"","type":"uint256"}],"stateMutability":"view","type":"function"},{"inputs":[{"internalType":"address","name":"_user","type":"address"},{"internalType":"uint256","name":"_index","type":"uint256"}],"name":"getUserLockedTokenAtIndex","outputs":[{"internalType":"address","name":"","type":"address"}],"stateMutability":"view","type":"function"},{"inputs":[{"internalType":"address","name":"_user","type":"address"}],"name":"getUserLockedTokensLength","outputs":[{"internalType":"uint256","name":"","type":"uint256"}],"stateMutability":"view","type":"function"},{"inputs":[{"internalType":"address","name":"_user","type":"address"},{"internalType":"address","name":"_token","type":"address"}],"name":"getUserLocksForTokenLength","outputs":[{"internalType":"uint256","name":"","type":"uint256"}],"stateMutability":"view","type":"function"},{"inputs":[{"internalType":"uint256","name":"_lockID","type":"uint256"}],"name":"getWithdrawableShares","outputs":[{"internalType":"uint256","name":"","type":"uint256"}],"stateMutability":"view","type":"function"},{"inputs":[{"internalType":"uint256","name":"_lockID","type":"uint256"}],"name":"getWithdrawableTokens","outputs":[{"internalType":"uint256","name":"","type":"uint256"}],"stateMutability":"view","type":"function"},{"inputs":[{"internalType":"uint256","name":"_index","type":"uint256"}],"name":"getZeroFeeTokenAtIndex","outputs":[{"internalType":"address","name":"","type":"address"}],"stateMutability":"view","type":"function"},{"inputs":[],"name":"getZeroFeeTokensLength","outputs":[{"internalType":"uint256","name":"","type":"uint256"}],"stateMutability":"view","type":"function"},{"inputs":[{"internalType":"uint256","name":"_lockID","type":"uint256"},{"internalType":"uint256","name":"_amount","type":"uint256"}],"name":"incrementLock","outputs":[],"stateMutability":"nonpayable","type":"function"},{"inputs":[{"internalType":"address","name":"_token","type":"address"},{"components":[{"internalType":"address payable","name":"owner","type":"address"},{"internalType":"uint256","name":"amount","type":"uint256"},{"internalType":"uint256","name":"startEmission","type":"uint256"},{"internalType":"uint256","name":"endEmission","type":"uint256"},{"internalType":"address","name":"condition","type":"address"}],"internalType":"struct TokenVesting.LockParams[]","name":"_lock_params","type":"tuple[]"}],"name":"lock","outputs":[],"stateMutability":"nonpayable","type":"function"},{"inputs":[{"internalType":"uint256","name":"_lockID","type":"uint256"},{"internalType":"uint256","name":"_option","type":"uint256"}],"name":"migrate","outputs":[],"stateMutability":"nonpayable","type":"function"},{"inputs":[],"name":"owner","outputs":[{"internalType":"address","name":"","type":"address"}],"stateMutability":"view","type":"function"},{"inputs":[{"internalType":"address","name":"_token","type":"address"}],"name":"payForFreeTokenLocks","outputs":[],"stateMutability":"payable","type":"function"},{"inputs":[{"internalType":"uint256","name":"_lockID","type":"uint256"},{"internalType":"uint256","name":"_unlock_date","type":"uint256"}],"name":"relock","outputs":[],"stateMutability":"nonpayable","type":"function"},{"inputs":[],"name":"renounceOwnership","outputs":[],"stateMutability":"nonpayable","type":"function"},{"inputs":[{"internalType":"uint256","name":"_lockID","type":"uint256"}],"name":"revokeCondition","outputs":[],"stateMutability":"nonpayable","type":"function"},{"inputs":[{"internalType":"contract ITokenBlacklist","name":"_contract","type":"address"}],"name":"setBlacklistContract","outputs":[],"stateMutability":"nonpayable","type":"function"},{"inputs":[{"internalType":"uint256","name":"_tokenFee","type":"uint256"},{"internalType":"uint256","name":"_freeLockingFee","type":"uint256"},{"internalType":"address payable","name":"_feeAddress","type":"address"},{"internalType":"address","name":"_freeLockingToken","type":"address"}],"name":"setFees","outputs":[],"stateMutability":"nonpayable","type":"function"},{"inputs":[{"internalType":"contract IMigrator","name":"_migrator","type":"address"}],"name":"setMigrator","outputs":[],"stateMutability":"nonpayable","type":"function"},{"inputs":[{"internalType":"uint256","name":"_lockID","type":"uint256"},{"internalType":"uint256","name":"_amount","type":"uint256"}],"name":"splitLock","outputs":[],"stateMutability":"nonpayable","type":"function"},{"inputs":[{"internalType":"address","name":"condition","type":"address"}],"name":"testCondition","outputs":[{"internalType":"bool","name":"","type":"bool"}],"stateMutability":"view","type":"function"},{"inputs":[{"internalType":"address","name":"_token","type":"address"}],"name":"tokenOnZeroFeeWhitelist","outputs":[{"internalType":"bool","name":"","type":"bool"}],"stateMutability":"view","type":"function"},{"inputs":[{"internalType":"uint256","name":"_lockID","type":"uint256"},{"internalType":"address payable","name":"_newOwner","type":"address"}],"name":"transferLockOwnership","outputs":[],"stateMutability":"nonpayable","type":"function"},{"inputs":[{"internalType":"address","name":"newOwner","type":"address"}],"name":"transferOwnership","outputs":[],"stateMutability":"nonpayable","type":"function"},{"inputs":[{"internalType":"uint256","name":"_lockID","type":"uint256"},{"internalType":"uint256","name":"_amount","type":"uint256"}],"name":"withdraw","outputs":[],"stateMutability":"nonpayable","type":"function"}]